SQL> spool
currently spooling to P72.lst
SQL> SELECT *
  2  FROM PROFESOR;

       DNI P                                                                    
---------- ------------------------------------------------------------         
       CAR CAT                                                                  
---------- -----                                                                
      4040 CARMELO                                                              
         7 TU                                                                   
                                                                                
      1111 JUAN                                                                 
         6 CU                                                                   
                                                                                
      2222 CARLOS                                                               
         7 TU                                                                   
                                                                                

       DNI P                                                                    
---------- ------------------------------------------------------------         
       CAR CAT                                                                  
---------- -----                                                                
      3333 PEDRO                                                                
         4 TEU                                                                  
                                                                                
      4444 MARIA                                                                
         7 TU                                                                   
                                                                                
      5555 IVAN                                                                 
         1 CEU                                                                  
                                                                                

       DNI P                                                                    
---------- ------------------------------------------------------------         
       CAR CAT                                                                  
---------- -----                                                                
      6666 CARMEN                                                               
         3 CD                                                                   
                                                                                
      7777 MARIO                                                                
         2 TU                                                                   
                                                                                
      8888 FRANCISCO                                                            
         5 TU                                                                   
                                                                                

       DNI P                                                                    
---------- ------------------------------------------------------------         
       CAR CAT                                                                  
---------- -----                                                                
      9999 ANGELA                                                               
         8 TEU                                                                  
                                                                                
      1010 DAVID                                                                
         4 TU                                                                   
                                                                                
      2020 SOLEDAD                                                              
         7 CU                                                                   
                                                                                

       DNI P                                                                    
---------- ------------------------------------------------------------         
       CAR CAT                                                                  
---------- -----                                                                
      3030 JOSE MANUEL                                                          
         6 TEU                                                                  
                                                                                

13 rows selected.

SQL> SET LINESIZE 200;
SQL> SELECT *
  2  FROM PROFESOR;

       DNI P                                                                   CAR CAT                                                                                                                  
---------- ------------------------------------------------------------ ---------- -----                                                                                                                
      4040 CARMELO                                                               7 TU                                                                                                                   
      1111 JUAN                                                                  6 CU                                                                                                                   
      2222 CARLOS                                                                7 TU                                                                                                                   
      3333 PEDRO                                                                 4 TEU                                                                                                                  
      4444 MARIA                                                                 7 TU                                                                                                                   
      5555 IVAN                                                                  1 CEU                                                                                                                  
      6666 CARMEN                                                                3 CD                                                                                                                   
      7777 MARIO                                                                 2 TU                                                                                                                   
      8888 FRANCISCO                                                             5 TU                                                                                                                   
      9999 ANGELA                                                                8 TEU                                                                                                                  
      1010 DAVID                                                                 4 TU                                                                                                                   

       DNI P                                                                   CAR CAT                                                                                                                  
---------- ------------------------------------------------------------ ---------- -----                                                                                                                
      2020 SOLEDAD                                                               7 CU                                                                                                                   
      3030 JOSE MANUEL                                                           6 TEU                                                                                                                  

13 rows selected.

SQL> INSERT INTO PROFESOR
  2  VALUES(5050,'CARINA',8,'CEU');
INSERT INTO PROFESOR
*
ERROR at line 1:
ORA-00001: unique constraint (ALU0100966930.SYS_C0017977) violated 


SQL> SELECT *
  2  FROM PROFESOR;

       DNI P                                                                   CAR CAT                                                                                                                  
---------- ------------------------------------------------------------ ---------- -----                                                                                                                
      5050 CARINA                                                                8 CEU                                                                                                                  
      4040 CARMELO                                                               7 TU                                                                                                                   
      1111 JUAN                                                                  6 CU                                                                                                                   
      2222 CARLOS                                                                7 TU                                                                                                                   
      3333 PEDRO                                                                 4 TEU                                                                                                                  
      4444 MARIA                                                                 7 TU                                                                                                                   
      5555 IVAN                                                                  1 CEU                                                                                                                  
      6666 CARMEN                                                                3 CD                                                                                                                   
      7777 MARIO                                                                 2 TU                                                                                                                   
      8888 FRANCISCO                                                             5 TU                                                                                                                   
      9999 ANGELA                                                                8 TEU                                                                                                                  

       DNI P                                                                   CAR CAT                                                                                                                  
---------- ------------------------------------------------------------ ---------- -----                                                                                                                
      1010 DAVID                                                                 4 TU                                                                                                                   
      2020 SOLEDAD                                                               7 CU                                                                                                                   
      3030 JOSE MANUEL                                                           6 TEU                                                                                                                  

14 rows selected.

SQL> EXIT
